time,input,angle,angular_speed
0.0,0.0,0.7787864272803326,0.7787864272803326
0.1,-0.0,-0.1605665541193006,-0.1605665541193006
0.2,0.0,-0.40879281951391644,-0.40879281951391644
0.30000000000000004,-0.0,0.006815389694660001,0.006815389694660001
0.4,0.7557727771853935,-1.1138042015415555,-1.1138042015415555
0.5,-0.0,-0.1961762894371321,-0.1961762894371321
0.6000000000000001,0.0,0.2000987352828123,0.2000987352828123
0.7000000000000001,-0.0,0.3990211991396286,0.3990211991396286
0.8,0.0,0.97876562975671,0.97876562975671
0.9,-0.5033823685249073,0.10676282241325524,0.10676282241325524
1.0,0.0,-0.4768368193803646,-0.4768368193803646
1.1,-0.0,-0.8641962702262221,-0.8641962702262221
1.2000000000000002,0.16278079242772148,-1.2199517641016175,-1.2199517641016175
1.3,-0.3393689527312641,-0.7925075836994997,-0.7925075836994997
1.4000000000000001,0.0,-0.4176794863108004,-0.4176794863108004
1.5,-0.6812740624888272,0.8497985463751454,0.8497985463751454
1.6,0.0,0.3316937234434582,0.3316937234434582
1.7000000000000002,-0.16262591818223626,0.653406368763803,0.653406368763803
1.8,0.0,-0.5646774580307075,-0.5646774580307075
1.9000000000000001,-0.0,-1.0461864601766542,-1.0461864601766542
2.0,0.0,-0.08209321284898752,-0.08209321284898752
2.1,-0.16800262084453332,-1.4573066106170103,-1.4573066106170103
2.2,0.0,0.5097854153584488,0.5097854153584488
2.3000000000000003,-0.0,1.1107993806924403,1.1107993806924403
2.4000000000000004,0.3613850289397006,0.44505486165249586,0.44505486165249586
2.5,-0.7471547915779638,-0.1020125219255682,-0.1020125219255682
2.6,0.0,-0.49064396822571255,-0.49064396822571255
2.7,-0.9332578706422998,-0.39544457174462866,-0.39544457174462866
2.8000000000000003,0.7982071302042688,-0.5142029200866612,-0.5142029200866612
2.9000000000000004,-0.9771925450986034,-0.6835693261359708,-0.6835693261359708
3.0,0.16686161982196823,0.11939744201272923,0.11939744201272923
3.1,-0.24968639817743676,0.7724155087287756,0.7724155087287756
3.2,0.46444540173520554,0.9112622775176578,0.9112622775176578
3.3000000000000003,-0.0,0.967691188150142,0.967691188150142
3.4000000000000004,0.0,-0.6531959280066505,-0.6531959280066505
3.5,-0.0,-0.7176533123912039,-0.7176533123912039
3.6,0.10706739261289777,-0.8411681735591192,-0.8411681735591192
3.7,-0.946936102922679,-0.6894538176979663,-0.6894538176979663
3.8000000000000003,0.0,0.01279701430918341,0.01279701430918341
3.9000000000000004,-0.16873517033560315,0.31838263393746646,0.31838263393746646
4.0,0.0,0.43924672416030847,0.43924672416030847
4.1000000000000005,-0.14487535256695627,1.3069348788251332,1.3069348788251332
4.2,0.5281793611713762,-1.183648952864482,-1.183648952864482
4.3,-0.0,-1.1584049748512775,-1.1584049748512775
4.4,0.7907033242674103,0.3154925818703107,0.3154925818703107
4.5,-0.0,-0.52920972428765,-0.52920972428765
4.6000000000000005,0.0,0.09231188024019624,0.09231188024019624
4.7,-0.4376260271761737,0.44608932877316243,0.44608932877316243
4.800000000000001,0.0,0.3470074797863371,0.3470074797863371
4.9,-0.958613755177451,1.5757577610468876,1.5757577610468876
5.0,0.5685095656282009,-0.7638032269352637,-0.7638032269352637
5.1000000000000005,-0.2818978693717934,-0.8713442127002549,-0.8713442127002549
5.2,0.9310869641931657,-0.616842095451284,-0.616842095451284
5.300000000000001,-0.8901656943089129,0.5080890256385555,0.5080890256385555
5.4,0.6464765858711989,0.4386722021762344,0.4386722021762344
5.5,-0.994948640023211,0.6010205675055266,0.6010205675055266
5.6000000000000005,0.0,0.8771543816152763,0.8771543816152763
5.7,-0.27218127780569557,0.7783176925364748,0.7783176925364748
5.800000000000001,0.6582414940639406,0.7417953712164136,0.7417953712164136
5.9,-0.0,-0.23230733553761812,-0.23230733553761812
6.0,0.0,-0.11215081281640782,-0.11215081281640782
6.1000000000000005,-0.69773965487301,-0.749935501187813,-0.749935501187813
6.2,0.0,-0.8108234932626168,-0.8108234932626168
6.300000000000001,-0.0,0.11226421017636007,0.11226421017636007
6.4,0.7405025530481472,0.12054951096408806,0.12054951096408806
6.5,-0.0,-0.18548022579198442,-0.18548022579198442
6.6000000000000005,0.548571819985317,-0.45278820597432506,-0.45278820597432506
6.7,-0.0,-0.41214222084292634,-0.41214222084292634
6.800000000000001,0.0,0.12541105778714068,0.12541105778714068
6.9,-0.9285988813920318,-0.9361871113170542,-0.9361871113170542
7.0,0.0,0.41246868101873196,0.41246868101873196
7.1000000000000005,-0.19630928538682857,-0.34837903521962893,-0.34837903521962893
7.2,0.4842452359729761,0.9753607796230941,0.9753607796230941
7.300000000000001,-0.14118875960614297,0.44586971463285685,0.44586971463285685
7.4,0.34566765322873216,0.5239088140272206,0.5239088140272206
7.5,-0.14829532760693487,-0.05452026031547405,-0.05452026031547405
7.6000000000000005,0.0,-1.212495561134526,-1.212495561134526
7.7,-0.22999296491443888,-0.4840623918580702,-0.4840623918580702
7.800000000000001,0.0,-0.45068941443562316,-0.45068941443562316
7.9,-0.0,0.9903202666654253,0.9903202666654253
8.0,0.475420959182018,0.3277998656432843,0.3277998656432843
8.1,-0.9593951849532275,0.020278278105069325,0.020278278105069325
8.200000000000001,0.1937896205865366,0.6810584150263956,0.6810584150263956
8.3,-0.680732407625963,-0.7480513924366183,-0.7480513924366183
8.4,0.017001554600378888,-0.6616001768774981,-0.6616001768774981
8.5,-0.0,-0.6403252999148841,-0.6403252999148841
8.6,0.0,0.8721729534633009,0.8721729534633009
8.700000000000001,-0.0,0.39436956300657844,0.39436956300657844
8.8,0.2613339727889752,0.19026432738941262,0.19026432738941262
8.9,-0.0,0.8322701861787312,0.8322701861787312
9.0,0.3849419583960946,1.2234589503994027,1.2234589503994027
9.1,-0.7163233481156371,0.3176725543082155,0.3176725543082155
9.200000000000001,0.5502292732320352,-1.2859735674157973,-1.2859735674157973
9.3,-0.5220719212873032,-0.5363749494457384,-0.5363749494457384
9.4,0.7377186060133337,0.19176838289375436,0.19176838289375436
9.5,-0.0,0.5120094085117176,0.5120094085117176
9.600000000000001,0.8161952653259706,0.4302037215507397,0.4302037215507397
9.700000000000001,-0.0,0.006474767393263359,0.006474767393263359
9.8,0.0,0.02319722662555257,0.02319722662555257
9.9,-0.11398441153435068,-0.31162208731119484,-0.31162208731119484
10.0,0.0,-0.5658928495776246,-0.5658928495776246
10.100000000000001,-0.2339209086217653,-0.6049398498846965,-0.6049398498846965
10.200000000000001,0.0,0.0585441119634133,0.0585441119634133
10.3,-0.5387899554088017,-0.718066109838521,-0.718066109838521
10.4,0.0,0.7899566824856985,0.7899566824856985
10.5,-0.5185146696807087,1.1669160180383327,1.1669160180383327
10.600000000000001,0.0,1.0917334993918772,1.0917334993918772
10.700000000000001,-0.0,0.3087460396853839,0.3087460396853839
10.8,0.501064690970193,-0.2862420555990427,-0.2862420555990427
10.9,-0.9761573857742584,-0.003936628738023473,-0.003936628738023473
11.0,0.12619942536122453,0.264911258474953,0.264911258474953
11.100000000000001,-0.48665857257612943,0.1510461976540685,0.1510461976540685
11.200000000000001,0.9496162907697403,0.9271520871940145,0.9271520871940145
11.3,-0.633865904755942,1.1140978184359747,1.1140978184359747
11.4,0.08633750545369279,0.8098902681590867,0.8098902681590867
11.5,-0.6287208391957033,0.4950884833989124,0.4950884833989124
11.600000000000001,0.0,-1.0845942636226185,-1.0845942636226185
11.700000000000001,-0.7593576575444213,-0.43616291154691766,-0.43616291154691766
11.8,0.0,-0.13728018814220694,-0.13728018814220694
11.9,-0.0,0.11706577033726058,0.11706577033726058
12.0,0.8301942188262063,0.7255971338554916,0.7255971338554916
12.100000000000001,-0.0,1.830259847193542,1.830259847193542
12.200000000000001,0.0,0.23232274937659042,0.23232274937659042
12.3,-0.16702359855107973,0.5795274956719751,0.5795274956719751
12.4,0.5589091847538945,-0.5954714144518316,-0.5954714144518316
12.5,-0.9055322604950062,0.24567370676572065,0.24567370676572065
12.600000000000001,0.0,-1.0092534218711644,-1.0092534218711644
12.700000000000001,-0.0,0.26547686578413165,0.26547686578413165
12.8,0.5666808322016543,-0.31895367614878267,-0.31895367614878267
12.9,-0.0,0.84753428527345,0.84753428527345
13.0,0.8510196687822127,-0.2469736579429832,-0.2469736579429832
13.100000000000001,-0.9135102881128805,-0.5660871869046864,-0.5660871869046864
13.200000000000001,0.0,-0.5074899878038959,-0.5074899878038959
13.3,-0.8450553545907394,-0.4799236773000929,-0.4799236773000929
13.4,0.0,-1.1405816939079694,-1.1405816939079694
13.5,-0.0,-0.35924655832494845,-0.35924655832494845
13.600000000000001,0.0,0.6580999410961618,0.6580999410961618
13.700000000000001,-0.0,1.1376021779302574,1.1376021779302574
13.8,0.0,0.9010303408989699,0.9010303408989699
13.9,-0.0,-0.4395012986866772,-0.4395012986866772
14.0,0.1769355877011265,-0.2026528879233116,-0.2026528879233116
14.100000000000001,-0.1228325317917558,-1.2239825058910236,-1.2239825058910236
14.200000000000001,0.0,0.19177000889424878,0.19177000889424878
14.3,-0.0,0.10086563124533743,0.10086563124533743
14.4,0.7472869557041855,0.3192835970374508,0.3192835970374508
14.5,-0.7845540289345672,0.0090604445040392,0.0090604445040392
14.600000000000001,0.0,0.4345339895008512,0.4345339895008512
14.700000000000001,-0.8888642795445765,-0.2086326573417936,-0.2086326573417936
14.8,0.6303643318012194,-0.4720655586627269,-0.4720655586627269
14.9,-0.056172876228402724,0.4780059540375625,0.4780059540375625
15.0,0.0,-0.08003161117984275,-0.08003161117984275
15.100000000000001,-0.0,0.09437388311683986,0.09437388311683986
15.200000000000001,0.13484132822638317,-0.14703490947624742,-0.14703490947624742
15.3,-0.7220054738952723,-0.26680698517694823,-0.26680698517694823
15.4,0.0,0.3343098230632573,0.3343098230632573
15.5,-0.0,-0.4832659802501762,-0.4832659802501762
15.600000000000001,0.0,-1.081032515298348,-1.081032515298348
15.700000000000001,-0.0,-0.7726843490473136,-0.7726843490473136
15.8,0.0,-0.6109619649960042,-0.6109619649960042
15.9,-0.0,-0.40726668053462844,-0.40726668053462844
16.0,0.02297578747427731,0.225036308687321,0.225036308687321
16.1,-0.2683965274790755,0.5482375068529072,0.5482375068529072
16.2,0.0,-0.3763036069831259,-0.3763036069831259
16.3,-0.0,0.14985296751553215,0.14985296751553215
16.400000000000002,0.9939708378400702,-0.3107685217379742,-0.3107685217379742
16.5,-0.6217022351157783,0.17442140537984585,0.17442140537984585
16.6,0.9898638452297394,-0.9212382096020731,-0.9212382096020731
16.7,-0.0,-0.3138774067586437,-0.3138774067586437
16.8,0.757344572392954,0.07137640710305684,0.07137640710305684
16.900000000000002,-0.38563280282800805,0.0667175276189752,0.0667175276189752
17.0,0.0,0.9562555977421147,0.9562555977421147
17.1,-0.0,0.2903048279806276,0.2903048279806276
17.2,0.6431982607601343,-0.7233260949336124,-0.7233260949336124
17.3,-0.0,-0.48297263620598274,-0.48297263620598274
17.400000000000002,0.6639549397785751,0.46462490427293746,0.46462490427293746
17.5,-0.0,0.19452289896523345,0.19452289896523345
17.6,0.1583421772979059,0.2036412651997577,0.2036412651997577
17.7,-0.3980656756502192,0.4368430834807822,0.4368430834807822
17.8,0.0,0.4015304410304993,0.4015304410304993
17.900000000000002,-0.0,-0.8899679812805169,-0.8899679812805169
18.0,0.0,0.015774042233756475,0.015774042233756475
18.1,-0.9090047764905422,-0.5059370220489435,-0.5059370220489435
18.2,0.0,0.03471359059048029,0.03471359059048029
18.3,-0.7468977830125562,-0.5825699015071913,-0.5825699015071913
18.400000000000002,0.13677524164407584,0.7941444823137145,0.7941444823137145
18.5,-0.9671458266603516,-0.3792091133510014,-0.3792091133510014
18.6,0.0,0.2087984586692634,0.2087984586692634
18.7,-0.0,-0.12361680144213516,-0.12361680144213516
18.8,0.07290219882482185,-0.9733295417507819,-0.9733295417507819
18.900000000000002,-0.0,-0.38530299423647707,-0.38530299423647707
19.0,0.40948749367325654,-0.0393735761080245,-0.0393735761080245
19.1,-0.0,0.0850354999536766,0.0850354999536766
19.200000000000003,0.7492255835276274,0.2627871322436002,0.2627871322436002
19.3,-0.770978910862377,1.0073696908243948,1.0073696908243948
19.400000000000002,0.0,0.45522213989431,0.45522213989431
19.5,-0.9521504143790785,0.9885509361089518,0.9885509361089518
19.6,0.0,0.10673124420494656,0.10673124420494656
19.700000000000003,-0.0,-0.5800927227927372,-0.5800927227927372
19.8,0.0,-0.6767994241574636,-0.6767994241574636
19.900000000000002,-0.748600908396499,-0.2767207965666932,-0.2767207965666932
20.0,0.007394168386924416,-0.20415503963616183,-0.20415503963616183
20.1,-0.0,0.6590905274215056,0.6590905274215056
20.200000000000003,0.10336315573619992,0.6271429356653241,0.6271429356653241
20.3,-0.0,0.12525051125586056,0.12525051125586056
20.400000000000002,0.0,0.3641311352023618,0.3641311352023618
20.5,-0.9310100492515304,-0.25722378352966213,-0.25722378352966213
20.6,0.0,-0.7005568281889447,-0.7005568281889447
20.700000000000003,-0.008155297451823418,-0.5811854826417904,-0.5811854826417904
20.8,0.42458264493662834,0.634304082933201,0.634304082933201
20.900000000000002,-0.9024842215136334,-0.18112046943606613,-0.18112046943606613
21.0,0.0,0.7023069332336161,0.7023069332336161
21.1,-0.09595427937230239,0.0881773141589805,0.0881773141589805
21.200000000000003,0.0,0.3592164591058682,0.3592164591058682
21.3,-0.790956490249394,-0.5725066439434545,-0.5725066439434545
21.400000000000002,0.0,-0.38854707468364413,-0.38854707468364413
21.5,-0.0,-1.3717866856469194,-1.3717866856469194
21.6,0.0,0.5059616368783098,0.5059616368783098
21.700000000000003,-0.233428154796663,0.5674817087524608,0.5674817087524608
21.8,0.0,0.13016213037744756,0.13016213037744756
21.900000000000002,-0.0,-0.33461535815972226,-0.33461535815972226
22.0,0.0,-0.13518334778616592,-0.13518334778616592
22.1,-0.42356765612084657,-0.5074223948192502,-0.5074223948192502
22.200000000000003,0.0,-0.2777085476029697,-0.2777085476029697
22.3,-0.6252479009742716,0.11897693291623251,0.11897693291623251
22.400000000000002,0.765965066971562,-0.07362210164383458,-0.07362210164383458
22.5,-0.5335913637704789,0.8926413025684569,0.8926413025684569
22.6,0.0,0.3296790860587345,0.3296790860587345
22.700000000000003,-0.0,1.099763813268586,1.099763813268586
22.8,0.0,0.3902235336717951,0.3902235336717951
22.900000000000002,-0.799264817985744,-0.8794410402826787,-0.8794410402826787
23.0,0.4651038820817943,-0.5270421046722835,-0.5270421046722835
23.1,-0.5110206140084296,-0.9926942493972881,-0.9926942493972881
23.200000000000003,0.4612275568730898,-0.5020941758373535,-0.5020941758373535
23.3,-0.80838296461526,0.6244250048454334,0.6244250048454334
23.400000000000002,0.8563469515449267,0.45731910165457207,0.45731910165457207
23.5,-0.0,0.4686371210694119,0.4686371210694119
23.6,0.0,0.39669721679686476,0.39669721679686476
23.700000000000003,-0.19715582271328436,0.32495649920724373,0.32495649920724373
23.8,0.0,-0.6698003291074391,-0.6698003291074391
23.900000000000002,-0.6190435809398229,-0.5539293175054925,-0.5539293175054925
24.0,0.0,0.1779182054756389,0.1779182054756389
24.1,-0.0,0.29543043650900447,0.29543043650900447
24.200000000000003,0.8686016480625156,0.006149261563176078,0.006149261563176078
24.3,-0.0,-0.09510682417863414,-0.09510682417863414
24.400000000000002,0.0,0.2773049560912522,0.2773049560912522
24.5,-0.8812837626531028,-1.1126202066053055,-1.1126202066053055
24.6,0.4941475926158472,-0.4746622024261402,-0.4746622024261402
24.700000000000003,-0.0,0.12946846873586543,0.12946846873586543
24.8,0.9754705371009481,0.15188825499872932,0.15188825499872932
24.900000000000002,-0.0,1.0616198718711674,1.0616198718711674
25.0,0.12088268127223589,0.45136185987006305,0.45136185987006305
25.1,-0.0,0.5525173377783958,0.5525173377783958
25.200000000000003,0.5669757152701793,-0.6146305854650411,-0.6146305854650411
25.3,-0.019262720934314803,-0.4464283475002343,-0.4464283475002343
25.400000000000002,0.0,-0.9415813555411967,-0.9415813555411967
25.5,-0.0,-0.579333303491409,-0.579333303491409
25.6,0.0,-0.3497760245136591,-0.3497760245136591
25.700000000000003,-0.0,0.26220905683448403,0.26220905683448403
25.8,0.0,0.7271567449419768,0.7271567449419768
25.900000000000002,-0.0,0.19781247946067873,0.19781247946067873
26.0,0.0,-0.4804980640800383,-0.4804980640800383
26.1,-0.0,0.36138407558181923,0.36138407558181923
26.200000000000003,0.6455868607305046,-0.848043733150162,-0.848043733150162
26.3,-0.0,-1.1495166918810695,-1.1495166918810695
26.400000000000002,0.0,-0.11549440443792752,-0.11549440443792752
26.5,-0.0,-0.03437357426726029,-0.03437357426726029
26.6,0.4766718036921802,0.6924395236660277,0.6924395236660277
26.700000000000003,-0.0,0.4388757526965856,0.4388757526965856
26.8,0.5070539865682262,-0.06020799562632334,-0.06020799562632334
26.900000000000002,-0.0,-0.937621485751984,-0.937621485751984
27.0,0.0,-0.9699110258160135,-0.9699110258160135
27.1,-0.2470831917574421,-0.012435098491137164,-0.012435098491137164
27.200000000000003,0.6438244512062075,0.22562738448398167,0.22562738448398167
27.3,-0.0,0.2770939094036008,0.2770939094036008
27.400000000000002,0.0,1.34583272053902,1.34583272053902
27.5,-0.0,0.08294799136858588,0.08294799136858588
27.6,0.0,0.3183166838357243,0.3183166838357243
27.700000000000003,-0.71195334404828,0.07788502965388905,0.07788502965388905
27.8,0.49416206320221245,-1.0029615269122658,-1.0029615269122658
27.900000000000002,-0.0,0.19818079388973625,0.19818079388973625
28.0,0.0,0.26889130505920467,0.26889130505920467
28.1,-0.008289368817501641,-0.130623483096092,-0.130623483096092
28.200000000000003,0.4248075127693931,0.849312550563071,0.849312550563071
28.3,-0.09046323359439745,0.9085204730192402,0.9085204730192402
28.400000000000002,0.15115822393716727,-0.019638591717247703,-0.019638591717247703
28.5,-0.7896181538037361,-0.053441949476115524,-0.053441949476115524
28.6,0.9721896135228977,-0.5850543117222434,-0.5850543117222434
28.700000000000003,-0.0,0.03478102008333028,0.03478102008333028
28.8,0.7092078174963791,0.1416480287767677,0.1416480287767677
28.900000000000002,-0.31641499458944167,0.08097620696355853,0.08097620696355853
29.0,0.3507876217020217,0.8877937566891398,0.8877937566891398
29.1,-0.0,0.01856233074904201,0.01856233074904201
29.200000000000003,0.3604516749362806,0.7726516981222499,0.7726516981222499
29.3,-0.20530901997124995,-0.7255559812350416,-0.7255559812350416
29.400000000000002,0.0,-0.7793673513438742,-0.7793673513438742
29.5,-0.8137569022670819,-0.29576648958994756,-0.29576648958994756
29.6,0.9771638443896647,0.6900513169013072,0.6900513169013072
29.700000000000003,-0.43807492385026114,0.7504898832768683,0.7504898832768683
29.8,0.0,1.0133429137467995,1.0133429137467995
29.900000000000002,-0.0,0.4799474408978693,0.4799474408978693
30.0,0.0,0.530904793573221,0.530904793573221
30.1,-0.0,-0.48990126779899,-0.48990126779899
30.200000000000003,0.0,-0.7663609461765621,-0.7663609461765621
30.3,-0.0,-1.3308401249646775,-1.3308401249646775
30.400000000000002,0.34158729602046844,-0.27654859529321674,-0.27654859529321674
30.5,-0.5284807243301983,-0.7728436526998843,-0.7728436526998843
30.6,0.8113809736183031,1.2221024129732192,1.2221024129732192
30.700000000000003,-0.0,0.21158837863333488,0.21158837863333488
30.8,0.0,-0.34370584109573116,-0.34370584109573116
30.900000000000002,-0.4532999920052738,-0.658314758051943,-0.658314758051943
31.0,0.0,-0.7658131166880155,-0.7658131166880155
31.1,-0.8778559620904385,0.334746256620307,0.334746256620307
31.200000000000003,0.0,-0.49107229693455645,-0.49107229693455645
31.3,-0.0,1.045165856609427,1.045165856609427
31.400000000000002,0.0,1.410806055170191,1.410806055170191
31.5,-0.0,-0.0797357752571935,-0.0797357752571935
31.6,0.9023540523385419,-0.35295139987345603,-0.35295139987345603
31.700000000000003,-0.5047198708166668,-1.0737953948420125,-1.0737953948420125
31.8,0.0,-0.5136184325052494,-0.5136184325052494
31.900000000000002,-0.04436874314967432,0.33993017718684776,0.33993017718684776
32.0,0.4229246506567311,-0.8136245138457636,-0.8136245138457636
32.1,-0.1652725725815808,-0.3048687233441559,-0.3048687233441559
32.2,0.5201615323183932,0.8325815101718833,0.8325815101718833
32.300000000000004,-0.0,-0.4203195980231407,-0.4203195980231407
32.4,0.0,0.16112468115590006,0.16112468115590006
32.5,-0.0,-0.9635497727536683,-0.9635497727536683
32.6,0.0,-0.6812235858548343,-0.6812235858548343
32.7,-0.7341001126200435,-1.133856588450394,-1.133856588450394
32.800000000000004,0.0,-1.0205662164196527,-1.0205662164196527
32.9,-0.0,0.7025841047068991,0.7025841047068991
33.0,0.03574714523119027,0.08472721839068026,0.08472721839068026
33.1,-0.0,1.0351793926073185,1.0351793926073185
33.2,0.4402392499168146,0.197558926528812,0.197558926528812
33.300000000000004,-0.5125207029641295,-0.13598445268756942,-0.13598445268756942
33.4,0.0,-0.34087207439850176,-0.34087207439850176
33.5,-0.0,-0.902131102586283,-0.902131102586283
33.6,0.5633418948468613,-0.607809179913407,-0.607809179913407
33.7,-0.9120472507316512,0.6103909471019103,0.6103909471019103
33.800000000000004,0.0,0.7624413903897134,0.7624413903897134
33.9,-0.0,1.0575541135890028,1.0575541135890028
34.0,0.5766080757438287,-0.009555128544505992,-0.009555128544505992
34.1,-0.7984720764134222,-0.814422041679028,-0.814422041679028
34.2,0.15321415251530357,-0.6473465669907355,-0.6473465669907355
34.300000000000004,-0.0,-1.026919594180993,-1.026919594180993
34.4,0.0,0.3780271419623747,0.3780271419623747
34.5,-0.11946013778864661,1.2938493944784182,1.2938493944784182
34.6,0.0,0.8916352091050621,0.8916352091050621
34.7,-0.0,0.01735251469449617,0.01735251469449617
34.800000000000004,0.0,0.649320455994386,0.649320455994386
34.9,-0.0,-0.7853747385066161,-0.7853747385066161
35.0,0.8867872656718582,-0.8879263129295114,-0.8879263129295114
35.1,-0.0,-0.44108715401831317,-0.44108715401831317
35.2,0.6048418954410226,-0.11776648080362997,-0.11776648080362997
35.300000000000004,-0.8278908397994523,0.42153957570237743,0.42153957570237743
35.4,0.7786729142044445,0.8353040004884498,0.8353040004884498
35.5,-0.45609752100889234,0.7928639272072044,0.7928639272072044
35.6,0.0,-0.34412784358188997,-0.34412784358188997
35.7,-0.7856567905281083,-1.000913028920762,-1.000913028920762
35.800000000000004,0.24905395126769225,-0.4064378367560253,-0.4064378367560253
35.9,-0.8348431438381796,-0.44252241185192054,-0.44252241185192054
36.0,0.3725653624274954,-0.9669834895702563,-0.9669834895702563
36.1,-0.06002803423757108,-0.005726940329765451,-0.005726940329765451
36.2,0.0,0.44901021192822205,0.44901021192822205
36.300000000000004,-0.0,1.0457986702300786,1.0457986702300786
36.4,0.0,1.1554495961276552,1.1554495961276552
36.5,-0.7815416062317299,-0.8166533935227572,-0.8166533935227572
36.6,0.0,-0.587392823500027,-0.587392823500027
36.7,-0.7006919211186593,-0.6760695797554577,-0.6760695797554577
36.800000000000004,0.0,0.4131050901504363,0.4131050901504363
36.9,-0.1487840609694977,0.39743424063465366,0.39743424063465366
37.0,0.0,0.02698548870392642,0.02698548870392642
37.1,-0.0,0.6013682574458378,0.6013682574458378
37.2,0.4040666480010676,1.1106002606095775,1.1106002606095775
37.300000000000004,-0.6169421386322017,0.8745982209555346,0.8745982209555346
37.4,0.8156906859509879,-0.9804208732060757,-0.9804208732060757
37.5,-0.41632348140231146,0.0035028218517620946,0.0035028218517620946
37.6,0.0,0.15641403878236843,0.15641403878236843
37.7,-0.0,0.28228554702272113,0.28228554702272113
37.800000000000004,0.0,0.8011470937013372,0.8011470937013372
37.9,-0.03293087653210469,0.26201674036386047,0.26201674036386047
38.0,0.9010305299675243,0.5035719717174398,0.5035719717174398
38.1,-0.2903155473218484,-0.36494722358334564,-0.36494722358334564
38.2,0.0,-0.8802292393269056,-0.8802292393269056
38.300000000000004,-0.1112298651236,-0.8385512296989971,-0.8385512296989971
38.400000000000006,0.03753952970080232,0.2600569872728289,0.2600569872728289
38.5,-0.7765698567056306,0.9111841652028966,0.9111841652028966
38.6,0.0,0.6611034732751762,0.6611034732751762
38.7,-0.0,0.0236039059065829,0.0236039059065829
38.800000000000004,0.0,-0.09429864595180965,-0.09429864595180965
38.900000000000006,-0.0,-0.419781435484908,-0.419781435484908
39.0,0.0,-1.276940901358697,-1.276940901358697
39.1,-0.0,-0.6494798559304289,-0.6494798559304289
39.2,0.41924515890458836,-0.056403583319201894,-0.056403583319201894
39.300000000000004,-0.0,0.19186471837258204,0.19186471837258204
39.400000000000006,0.0,1.138237869861939,1.138237869861939
39.5,-0.0,-0.04994367509600628,-0.04994367509600628
39.6,0.7310078982164712,0.8508882616863376,0.8508882616863376
39.7,-0.0,-0.2704680576964651,-0.2704680576964651
39.800000000000004,0.0,0.015945157367955987,0.015945157367955987
39.900000000000006,-0.0,-1.6592240250132697,-1.6592240250132697
40.0,0.0,-0.10991106826272194,-0.10991106826272194
40.1,-0.14146509856974698,-0.006120256978276145,-0.006120256978276145
40.2,0.0,0.14422033078914442,0.14422033078914442
40.300000000000004,-0.0,0.30564219679389226,0.30564219679389226
40.400000000000006,0.4902160021697737,-0.19759916721919524,-0.19759916721919524
40.5,-0.4391188396453407,0.30709374248908367,0.30709374248908367
40.6,0.32725300190766005,0.6195229396409928,0.6195229396409928
40.7,-0.0,0.8181132027059625,0.8181132027059625
40.800000000000004,0.0,0.604763867954859,0.604763867954859
40.900000000000006,-0.0,-0.25745123760295263,-0.25745123760295263
41.0,0.16665206319763792,0.3853872863744101,0.3853872863744101
41.1,-0.41446542195413905,0.9279790579667024,0.9279790579667024
41.2,0.7812823672308864,0.43101636965763246,0.43101636965763246
41.300000000000004,-0.0,0.18328247855810403,0.18328247855810403
41.400000000000006,0.0,-0.0375753296871868,-0.0375753296871868
41.5,-0.0,-0.318790897122676,-0.318790897122676
41.6,0.6526605640099243,-0.19398280264539564,-0.19398280264539564
41.7,-0.0,0.8619047259923882,0.8619047259923882
41.800000000000004,0.0,-0.2080861074807679,-0.2080861074807679
41.900000000000006,-0.0,0.6560181877667077,0.6560181877667077
42.0,0.6937806222001072,0.2830466119180294,0.2830466119180294
42.1,-0.040846019980117276,-0.1392307356297583,-0.1392307356297583
42.2,0.0,-1.4190303614811384,-1.4190303614811384
42.300000000000004,-0.0,-0.9906815044496335,-0.9906815044496335
42.400000000000006,0.0,-0.2629073659302626,-0.2629073659302626
42.5,-0.0,-0.43811628430230387,-0.43811628430230387
42.6,0.0,1.2387407073362868,1.2387407073362868
42.7,-0.8032251573126497,0.7134529759053654,0.7134529759053654
42.800000000000004,0.0,0.41339505335322757,0.41339505335322757
42.900000000000006,-0.275453767704528,-0.32973189886025167,-0.32973189886025167
43.0,0.03911460799782085,0.6587931143527312,0.6587931143527312
43.1,-0.0,0.07647398653020232,0.07647398653020232
43.2,0.0,-0.34167909609523117,-0.34167909609523117
43.300000000000004,-0.0,-0.34237287919691994,-0.34237287919691994
43.400000000000006,0.5480901606640042,0.04783651757050622,0.04783651757050622
43.5,-0.6769091280566889,0.07725475015102895,0.07725475015102895
43.6,0.5380396515145411,0.6944491262537412,0.6944491262537412
43.7,-0.23207013301387558,-0.35236028840002614,-0.35236028840002614
43.800000000000004,0.0031665305084249695,0.2751465418762665,0.2751465418762665
43.900000000000006,-0.3763935703378338,0.122191664433763,0.122191664433763
44.0,0.4112730458581131,0.04172417845130258,0.04172417845130258
44.1,-0.0,0.6616113357432603,0.6616113357432603
44.2,0.7693177610976386,-0.12698115223244633,-0.12698115223244633
44.300000000000004,-0.16209655838925796,-0.117620359574451,-0.117620359574451
44.400000000000006,0.12946883865163816,0.3070954043328603,0.3070954043328603
44.5,-0.06717237854469893,0.3379688879288063,0.3379688879288063
44.6,0.0902125026134748,-0.6630687264011635,-0.6630687264011635
44.7,-0.9086909628008076,-1.1286183702683168,-1.1286183702683168
44.800000000000004,0.04228324910165093,0.5423308299841493,0.5423308299841493
44.900000000000006,-0.5957344508566013,0.9343296486974513,0.9343296486974513
45.0,0.03634325140936301,0.2266378993807864,0.2266378993807864
45.1,-0.0,-0.013311865198127548,-0.013311865198127548
45.2,0.300786405106496,0.06892501147745267,0.06892501147745267
45.300000000000004,-0.0,-0.6644894391272941,-0.6644894391272941
45.400000000000006,0.0,-1.3644218731865356,-1.3644218731865356
45.5,-0.0,-1.25721591158732,-1.25721591158732
45.6,0.0,0.30382164250926164,0.30382164250926164
45.7,-0.0,1.1882675936515796,1.1882675936515796
45.800000000000004,0.0,0.32474384128888734,0.32474384128888734
45.900000000000006,-0.9761840106918315,0.9980321490868977,0.9980321490868977
46.0,0.0,-0.5487664740869931,-0.5487664740869931
46.1,-0.3862508106604349,-0.10114693824637938,-0.10114693824637938
46.2,0.0,-0.09978255839915473,-0.09978255839915473
46.300000000000004,-0.6916342545532603,-0.375735354133944,-0.375735354133944
46.400000000000006,0.902195683000665,-0.6849410322723436,-0.6849410322723436
46.5,-0.0,0.7802429721935265,0.7802429721935265
46.6,0.521228208046793,1.0477979453194524,1.0477979453194524
46.7,-0.6207926727936374,-0.16234698539005998,-0.16234698539005998
46.800000000000004,0.9012797830236353,0.15311032075610506,0.15311032075610506
46.900000000000006,-0.0,-0.2226632861825488,-0.2226632861825488
47.0,0.36593576881251666,0.22036979492183806,0.22036979492183806
47.1,-0.0,-0.120238186997184,-0.120238186997184
47.2,0.0,0.7359796895688834,0.7359796895688834
47.300000000000004,-0.8072192895950001,0.7661458423951273,0.7661458423951273
47.400000000000006,0.0,0.31759668634213806,0.31759668634213806
47.5,-0.0,0.5321203702095648,0.5321203702095648
47.6,0.0,0.022193539976983694,0.022193539976983694
47.7,-0.5685773228339688,-0.02346493454182108,-0.02346493454182108
47.800000000000004,0.8312723764674632,0.8213871587353454,0.8213871587353454
47.900000000000006,-0.1872809823778624,0.07529116685383574,0.07529116685383574
48.0,0.0,-0.4294984947399724,-0.4294984947399724
48.1,-0.0,-0.11547433144595975,-0.11547433144595975
48.2,0.31538301461028206,-0.0795871631854374,-0.0795871631854374
48.300000000000004,-0.0,1.0861632798515233,1.0861632798515233
48.400000000000006,0.0,0.8411299419626677,0.8411299419626677
48.5,-0.3946759750898545,-0.07093826266102038,-0.07093826266102038
48.6,0.3673108508274535,-0.15838606799158683,-0.15838606799158683
48.7,-0.8059459674548665,0.10100092936240374,0.10100092936240374
48.800000000000004,0.19207332045007652,-0.11785734952830437,-0.11785734952830437
48.900000000000006,-0.19428724175943546,0.04951441893307659,0.04951441893307659
49.0,0.0,0.8728012563191935,0.8728012563191935
49.1,-0.0,0.10588592746291178,0.10588592746291178
49.2,0.0,0.16481184943062535,0.16481184943062535
49.300000000000004,-0.363266905776792,-0.05387824122815693,-0.05387824122815693
49.400000000000006,0.616800561564835,-0.40909436857343123,-0.40909436857343123
49.5,-0.0,-0.40050974222625346,-0.40050974222625346
49.6,0.6469533998938818,0.02709528210784818,0.02709528210784818
49.7,-0.3015485751960515,0.12017032720356757,0.12017032720356757
49.800000000000004,0.20665180891546187,0.518235186054372,0.518235186054372
49.900000000000006,-0.31430768651683205,0.600820786323464,0.600820786323464
50.0,0.1521055433191928,-0.2571893327663589,-0.2571893327663589
50.1,-0.0,-0.2015739371438614,-0.2015739371438614
50.2,0.0,-0.6347006728868995,-0.6347006728868995
50.300000000000004,-0.0,-0.7018410075550108,-0.7018410075550108
50.400000000000006,0.07207149874137075,0.7318385002518306,0.7318385002518306
50.5,-0.0,-0.03537346216751375,-0.03537346216751375
50.6,0.0,-0.12258185895338813,-0.12258185895338813
50.7,-0.0,0.1284497847776416,0.1284497847776416
50.800000000000004,0.0,0.2764448099988362,0.2764448099988362
50.900000000000006,-0.818911892049432,0.20921183675066335,0.20921183675066335
51.0,0.0,-0.6546734424801919,-0.6546734424801919
51.1,-0.0,0.42212477081817357,0.42212477081817357
51.2,0.0,0.3768739981277922,0.3768739981277922
51.300000000000004,-0.294159382535331,0.15167742880306564,0.15167742880306564
51.400000000000006,0.16248122491350003,0.22858205331901194,0.22858205331901194
51.5,-0.0,0.2053369097883426,0.2053369097883426
51.6,0.0,-0.7239385620347535,-0.7239385620347535
51.7,-0.07743179074448059,0.1576707471292032,0.1576707471292032
51.800000000000004,0.05373428467525554,-0.30174153568185713,-0.30174153568185713
51.900000000000006,-0.642586270746055,-0.35373534155574776,-0.35373534155574776
52.0,0.0,0.3841047730264947,0.3841047730264947
52.1,-0.0,0.6176118301950573,0.6176118301950573
52.2,0.0,0.3494520314982408,0.3494520314982408
52.300000000000004,-0.6811142857359133,-0.11920868027640613,-0.11920868027640613
52.400000000000006,0.4192668852822371,-0.9896435307666579,-0.9896435307666579
52.5,-0.37009626298340426,-0.9305351483167321,-0.9305351483167321
52.6,0.5275948416103651,-0.6607987432564858,-0.6607987432564858
52.7,-0.2475345649472469,-0.3290681369482661,-0.3290681369482661
52.800000000000004,0.38361735254332363,-0.27066873448624756,-0.27066873448624756
52.900000000000006,-0.0,0.3365660847619489,0.3365660847619489
53.0,0.5757339437191226,0.18455535042323917,0.18455535042323917
53.1,-0.9337988048381133,0.524361092836388,0.524361092836388
53.2,0.0,0.6911708884760149,0.6911708884760149
53.300000000000004,-0.3737104382991171,0.009433547098327555,0.009433547098327555
53.400000000000006,0.11661623602977111,-0.8940392304808451,-0.8940392304808451
53.5,-0.4711876459544191,-0.13926593517656422,-0.13926593517656422
53.6,0.0,-0.329380732448952,-0.329380732448952
53.7,-0.0,-0.18680547694502714,-0.18680547694502714
53.800000000000004,0.5541411333592002,0.11582512004725681,0.11582512004725681
53.900000000000006,-0.0,1.534063168672561,1.534063168672561
54.0,0.838385817088363,-1.3122165243769552,-1.3122165243769552
54.1,-0.5426465397436159,-1.2684298107356575,-1.2684298107356575
54.2,0.07825609001994127,-1.2809300170317666,-1.2809300170317666
54.300000000000004,-0.4430354948195476,-0.04295251083511545,-0.04295251083511545
54.400000000000006,0.02574887121695446,-0.6214914554803891,-0.6214914554803891
54.5,-0.0,0.036815744102711434,0.036815744102711434
54.6,0.0,-0.2778650732814358,-0.2778650732814358
54.7,-0.3305214975869186,0.10077984036721802,0.10077984036721802
54.800000000000004,0.6427518103334973,0.6746190229231468,0.6746190229231468
54.900000000000006,-0.39162475257522944,0.15607557691360607,0.15607557691360607
55.0,0.0,-0.1347417044985757,-0.1347417044985757
55.1,-0.0,0.05456795292458691,0.05456795292458691
55.2,0.030995691663555758,0.6104063054436779,0.6104063054436779
55.300000000000004,-0.13661666184358356,-0.19619289005521307,-0.19619289005521307
55.400000000000006,0.6104107712487716,0.47703280684603605,0.47703280684603605
55.5,-0.5347074327235405,0.53407632271526,0.53407632271526
55.6,0.9491289857644373,0.8584246732497136,0.8584246732497136
55.7,-0.9876440117624781,0.045002644757634436,0.045002644757634436
55.800000000000004,0.43160634043711343,-0.023247127181175442,-0.023247127181175442
55.900000000000006,-0.0,0.9099189340594507,0.9099189340594507
56.0,0.38286477205760183,-0.583260253628765,-0.583260253628765
56.1,-0.6281936898856879,-0.38656157392811735,-0.38656157392811735
56.2,0.6779223366967959,-0.15700018047529385,-0.15700018047529385
56.300000000000004,-0.0,0.1959063880194963,0.1959063880194963
56.400000000000006,0.0,-0.07318143472072079,-0.07318143472072079
56.5,-0.0,0.281281145655088,0.281281145655088
56.6,0.0,-0.5257290393795462,-0.5257290393795462
56.7,-0.0,-0.7379195701972607,-0.7379195701972607
56.800000000000004,0.05811068198159419,0.13741456029466315,0.13741456029466315
56.900000000000006,-0.0,0.7980013870298517,0.7980013870298517
57.0,0.0,0.9468452032699357,0.9468452032699357
57.1,-0.0,0.8601741200396195,0.8601741200396195
57.2,0.5766341245064733,0.5046992892831295,0.5046992892831295
57.300000000000004,-0.5250056987427782,-0.3902131524227435,-0.3902131524227435
57.400000000000006,0.8053919995711313,0.03069587903493476,0.03069587903493476
57.5,-0.0,0.1818117402086897,0.1818117402086897
57.6,0.0,0.2837477717120755,0.2837477717120755
57.7,-0.8594640826410856,0.6579852398928697,0.6579852398928697
57.800000000000004,0.9845566843024591,-0.07027559272488137,-0.07027559272488137
57.900000000000006,-0.8471756648962012,-0.02279070196581595,-0.02279070196581595
58.0,0.6679965537379889,-0.35616846505203326,-0.35616846505203326
58.1,-0.16059722968827395,-1.0493165570007086,-1.0493165570007086
58.2,0.0,0.6404843137337072,0.6404843137337072
58.300000000000004,-0.0,0.9276492278356306,0.9276492278356306
58.400000000000006,0.7520096662950027,0.22605948161041312,0.22605948161041312
58.5,-0.19833053343662677,0.6767842873581237,0.6767842873581237
58.6,0.18145877358994356,1.0290837091079914,1.0290837091079914
58.7,-0.0,0.29534005750778347,0.29534005750778347
58.800000000000004,0.28207511686053477,-0.6127847048432109,-0.6127847048432109
58.900000000000006,-0.4095355174380586,-0.5994495572488191,-0.5994495572488191
59.0,0.07497487621644328,-0.19799239122425938,-0.19799239122425938
59.1,-0.007978959179356093,-0.39232926988467276,-0.39232926988467276
59.2,0.3495222664257729,-0.12706099905154364,-0.12706099905154364
59.300000000000004,-0.0,0.5700524048112376,0.5700524048112376
59.400000000000006,0.6189179096011039,0.17085336070086418,0.17085336070086418
59.5,-0.0,-0.17775712767962842,-0.17775712767962842
59.6,0.250441016273378,-0.318461427114369,-0.318461427114369
59.7,-0.0,-0.11859930146355604,-0.11859930146355604
59.800000000000004,0.2569445249012745,-0.7200505717233956,-0.7200505717233956
59.900000000000006,-0.0,-0.7278712825695097,-0.7278712825695097
60.0,0.690790038339635,-0.6099410833962817,-0.6099410833962817
60.1,-0.27214940619073535,0.7415005868708194,0.7415005868708194
60.2,0.0,0.3663873261872193,0.3663873261872193
60.300000000000004,-0.4528447787278984,0.4494286440685704,0.4494286440685704
60.400000000000006,0.0,0.01072737082481609,0.01072737082481609
60.5,-0.0,0.38907204465870393,0.38907204465870393
60.6,0.0,-0.327319162742631,-0.327319162742631
60.7,-0.0,0.08269464783353167,0.08269464783353167
60.800000000000004,0.585389556888369,1.0354719503067857,1.0354719503067857
60.900000000000006,-0.0,0.824659721317876,0.824659721317876
61.0,0.0,1.030929948792249,1.030929948792249
61.1,-0.0,0.17862037273477624,0.17862037273477624
61.2,0.6778225976137681,0.050046728256073814,0.050046728256073814
61.300000000000004,-0.0,-0.8263710880155065,-0.8263710880155065
61.400000000000006,0.0,-0.3595946792156709,-0.3595946792156709
61.5,-0.06177556643031368,-0.08788463338974324,-0.08788463338974324
61.6,0.0,-0.37570626457903333,-0.37570626457903333
61.7,-0.0,0.2712259347106032,0.2712259347106032
61.800000000000004,0.6019565376185603,1.0380789893358597,1.0380789893358597
61.900000000000006,-0.0,-1.169887029470576,-1.169887029470576
62.0,0.0,0.31277187067439666,0.31277187067439666
62.1,-0.0,-0.12654705636187924,-0.12654705636187924
62.2,0.0,-0.7116747422305316,-0.7116747422305316
62.300000000000004,-0.0,0.02006940298936946,0.02006940298936946
62.400000000000006,0.0,0.39401357429010453,0.39401357429010453
62.5,-0.5716354073518657,0.511703022706034,0.511703022706034
62.6,0.0,0.8186753792154018,0.8186753792154018
62.7,-0.5072962361005384,0.14392133135516683,0.14392133135516683
62.800000000000004,0.0,-0.10846849012890232,-0.10846849012890232
62.900000000000006,-0.6175092224687365,-0.7967793503959941,-0.7967793503959941
63.0,0.0,-0.6466241112965835,-0.6466241112965835
63.1,-0.5876630852946491,0.4447722967809107,0.4447722967809107
63.2,0.0,0.8678574646408627,0.8678574646408627
63.300000000000004,-0.0,0.8438553355528609,0.8438553355528609
63.400000000000006,0.2646202711451776,-0.6450917554610887,-0.6450917554610887
63.5,-0.9752068978552471,0.44840144724479714,0.44840144724479714
63.6,0.0,0.03300325124892095,0.03300325124892095
63.7,-0.0,-0.2688710747754031,-0.2688710747754031
63.800000000000004,0.8983446201753663,-0.000625435623381021,-0.000625435623381021
63.900000000000006,-0.0,0.18313756902440673,0.18313756902440673
64.0,0.0,0.6492192221887703,0.6492192221887703
64.10000000000001,-0.0,0.19777366968077212,0.19777366968077212
64.2,0.0,0.2182519556983936,0.2182519556983936
64.3,-0.49322062893459295,-0.3777736875495623,-0.3777736875495623
64.4,0.0,0.002206005097567326,0.002206005097567326
64.5,-0.0,-0.09641776364761118,-0.09641776364761118
64.60000000000001,0.0,-0.9100803518316547,-0.9100803518316547
64.7,-0.7272293476052103,0.03830782782870884,0.03830782782870884
64.8,0.08534313404079585,-0.16154160940015447,-0.16154160940015447
64.9,-0.23977733854645233,0.9118358304674246,0.9118358304674246
65.0,0.8042898587573506,0.8565334136014238,0.8565334136014238
65.10000000000001,-0.32265452541040607,-0.3235304246490056,-0.3235304246490056
65.2,0.9931904040851742,0.528521724372101,0.528521724372101
65.3,-0.8827165354727298,-1.0689803453157205,-1.0689803453157205
65.4,0.05514182186285588,-0.6417759050488913,-0.6417759050488913
65.5,-0.3620700833070529,-0.5996157548927918,-0.5996157548927918
65.60000000000001,0.0,-0.1743624617494278,-0.1743624617494278
65.7,-0.4003371863905668,-0.2780755323777827,-0.2780755323777827
65.8,0.0,0.7305909102136308,0.7305909102136308
65.9,-0.0,-0.3364663447041204,-0.3364663447041204
66.0,0.0,-0.9311884966145305,-0.9311884966145305
66.10000000000001,-0.0,0.07451990201866215,0.07451990201866215
66.2,0.0,0.40336774923144164,0.40336774923144164
66.3,-0.0,0.47271476528851264,0.47271476528851264
66.4,0.0,-0.738771991201026,-0.738771991201026
66.5,-0.0,0.9209345429435847,0.9209345429435847
66.60000000000001,0.0,-0.09329131201407212,-0.09329131201407212
66.7,-0.0,-0.6113571391338639,-0.6113571391338639
66.8,0.0,0.815471070185816,0.815471070185816
66.9,-0.0,-0.890113996901481,-0.890113996901481
67.0,0.18264676148000147,0.2502781372909863,0.2502781372909863
67.10000000000001,-0.3409938069100762,0.6975435541159094,0.6975435541159094
67.2,0.0,1.2982305032801107,1.2982305032801107
67.3,-0.4597947351808239,0.3290326872740934,0.3290326872740934
67.4,0.3140388875964063,-0.013809447567485311,-0.013809447567485311
67.5,-0.0,1.1392881435802202,1.1392881435802202
67.60000000000001,0.7303274935520045,-0.9707364635687097,-0.9707364635687097
67.7,-0.9444836990069126,-0.7901520303289573,-0.7901520303289573
67.8,0.49049411311985447,0.8585090468284005,0.8585090468284005
67.9,-0.0,0.3357038010997172,0.3357038010997172
68.0,0.31920820304805053,0.08737321090579947,0.08737321090579947
68.10000000000001,-0.058512839431580366,0.012017844981301817,0.012017844981301817
68.2,0.57135313721118,0.7555069797819391,0.7555069797819391
68.3,-0.4786662368029546,0.7209030076165125,0.7209030076165125
68.4,0.0,-0.2171604251551975,-0.2171604251551975
68.5,-0.0,-0.15216414006240989,-0.15216414006240989
68.60000000000001,0.0,0.67974247723299,0.67974247723299
68.7,-0.7004212752573048,-0.42778751241833013,-0.42778751241833013
68.8,0.4357169880998517,-0.8433697446224839,-0.8433697446224839
68.9,-0.0,1.255346394160646,1.255346394160646
69.0,0.0,-0.5221943217896843,-0.5221943217896843
69.10000000000001,-0.0,-0.656919346774971,-0.656919346774971
69.2,0.0,0.4042188375173927,0.4042188375173927
69.3,-0.9031887944543563,-0.5416003766965574,-0.5416003766965574
69.4,0.5254944433555483,-0.25707589270129605,-0.25707589270129605
69.5,-0.0,-0.4302531827730673,-0.4302531827730673
69.60000000000001,0.0,0.2111222180580932,0.2111222180580932
69.7,-0.0,-0.15202111980626204,-0.15202111980626204
69.8,0.0,0.3201263269680801,0.3201263269680801
69.9,-0.0,-0.1533528399288439,-0.1533528399288439
70.0,0.0,-0.5761345878147857,-0.5761345878147857
70.10000000000001,-0.0,0.30820012610812497,0.30820012610812497
70.2,0.25486481449097065,-0.6360457886074673,-0.6360457886074673
70.3,-0.0,0.2831710218959782,0.2831710218959782
70.4,0.0,0.5714799268287101,0.5714799268287101
70.5,-0.0,-0.33703280641082023,-0.33703280641082023
70.60000000000001,0.0,0.027060919794574936,0.027060919794574936
70.7,-0.0,0.011700854576704486,0.011700854576704486
70.8,0.2758177234040625,-0.9946932467293353,-0.9946932467293353
70.9,-0.3318672349510591,0.28452637718903584,0.28452637718903584
71.0,0.0,-0.46820750372026787,-0.46820750372026787
71.10000000000001,-0.3178399973949946,-0.13899537068791928,-0.13899537068791928
71.2,0.0,0.09318667324031948,0.09318667324031948
71.3,-0.3195250827332098,1.714884332467548,1.714884332467548
71.4,0.0,-0.47846000034598574,-0.47846000034598574
71.5,-0.008969008270015788,-0.6737073818034929,-0.6737073818034929
71.60000000000001,0.0,0.3618670227358513,0.3618670227358513
71.7,-0.2694735082679045,-0.6331479796292684,-0.6331479796292684
71.8,0.0,0.1389703876830836,0.1389703876830836
71.9,-0.0,0.9719029868697112,0.9719029868697112
72.0,0.0,0.8243757078718361,0.8243757078718361
72.10000000000001,-0.0,0.5569367167785295,0.5569367167785295
72.2,0.9079138915575184,-0.27531752641694385,-0.27531752641694385
72.3,-0.385927536625695,-0.6770839052442237,-0.6770839052442237
72.4,0.3121684660706253,-0.27457963017735254,-0.27457963017735254
72.5,-0.0,-0.5788630252569973,-0.5788630252569973
72.60000000000001,0.0,-0.9281745547819746,-0.9281745547819746
72.7,-0.9046170207656884,0.3771408158176489,0.3771408158176489
72.8,0.0,-0.3350247766615113,-0.3350247766615113
72.9,-0.0,0.17948902661015761,0.17948902661015761
73.0,0.0,0.5055384560931997,0.5055384560931997
73.10000000000001,-0.6109743514606985,-0.06878543734635807,-0.06878543734635807
73.2,0.1922778473518355,-0.3483064702493491,-0.3483064702493491
73.3,-0.8549735405765823,0.0737781440224301,0.0737781440224301
73.4,0.1926919939329359,0.2665273980776733,0.2665273980776733
73.5,-0.8463978505219348,0.6074831418375619,0.6074831418375619
73.60000000000001,0.0,0.5044207366531219,0.5044207366531219
73.7,-0.0,0.3030737805717511,0.3030737805717511
73.8,0.9579149700567229,0.3293428111043855,0.3293428111043855
73.9,-0.6929238231999647,0.4278524043294526,0.4278524043294526
74.0,0.31009306164878914,-0.9272608474345864,-0.9272608474345864
74.10000000000001,-0.29269740965783586,-0.6621645702336264,-0.6621645702336264
74.2,0.2513160240376713,-0.0730597919801198,-0.0730597919801198
74.3,-0.6794719650772342,0.2619666986444884,0.2619666986444884
74.4,0.0,-0.41146342711019324,-0.41146342711019324
74.5,-0.2383487961077897,0.5892585824380898,0.5892585824380898
74.60000000000001,0.0,1.0439828014877135,1.0439828014877135
74.7,-0.0,0.007674107022787008,0.007674107022787008
74.8,0.0,-0.8271222615567551,-0.8271222615567551
74.9,-0.6737573336694054,-1.3556882407866435,-1.3556882407866435
75.0,0.8809904480463652,-0.581194128320084,-0.581194128320084
75.10000000000001,-0.8306127371539236,0.3082352992113915,0.3082352992113915
75.2,0.0,0.2756662220496986,0.2756662220496986
75.3,-0.22579200100827335,0.8800327581176428,0.8800327581176428
75.4,0.3527347555178849,0.7661233798095914,0.7661233798095914
75.5,-0.0,-0.09114958452331848,-0.09114958452331848
75.60000000000001,0.0,0.3002895926086555,0.3002895926086555
75.7,-0.0,-0.12107096956218164,-0.12107096956218164
75.8,0.7980342762167193,-0.004411259063147984,-0.004411259063147984
75.9,-0.0,1.492760400426357,1.492760400426357
76.0,0.0,-0.03182210790622042,-0.03182210790622042
76.10000000000001,-0.0,0.5339392022309657,0.5339392022309657
76.2,0.023210735225172474,-0.8841860451264616,-0.8841860451264616
76.3,-0.9959577795372904,-0.6252127341294995,-0.6252127341294995
76.4,0.22261660917448445,-0.22772805091889764,-0.22772805091889764
76.5,-0.7898765542212419,0.4838126356651694,0.4838126356651694
76.60000000000001,0.8158817684447544,-0.5016360606108399,-0.5016360606108399
76.7,-0.0,0.8833824958663937,0.8833824958663937
76.80000000000001,0.0,0.7896749327440169,0.7896749327440169
76.9,-0.8673648611424047,0.733426718676673,0.733426718676673
77.0,0.0,0.2702345219470512,0.2702345219470512
77.10000000000001,-0.0,0.15456043276344594,0.15456043276344594
77.2,0.0,-0.6823839280629076,-0.6823839280629076
77.30000000000001,-0.0,-0.04601006317877812,-0.04601006317877812
77.4,0.32648880332668473,0.4858109695274873,0.4858109695274873
77.5,-0.0,-0.4741732129043169,-0.4741732129043169
77.60000000000001,0.0,0.7415213605713298,0.7415213605713298
77.7,-0.2527080440924836,0.3409018799590863,0.3409018799590863
77.80000000000001,0.0,0.055928068466282524,0.055928068466282524
77.9,-0.0,1.0351384599312756,1.0351384599312756
78.0,0.5962736606470348,0.027331345906446203,0.027331345906446203
78.10000000000001,-0.09578773433794152,0.1194877199790842,0.1194877199790842
78.2,0.0,0.6537275528451674,0.6537275528451674
78.30000000000001,-0.08726232965614922,0.3034305088447551,0.3034305088447551
78.4,0.0,-0.6230085189499719,-0.6230085189499719
78.5,-0.2304079858890542,-0.6161670388123172,-0.6161670388123172
78.60000000000001,0.1943556388739769,0.7471930177745538,0.7471930177745538
78.7,-0.0,-0.26318195926683,-0.26318195926683
78.80000000000001,0.8662905091615137,-0.602640195322488,-0.602640195322488
78.9,-0.9715949593038393,-0.0930684146424715,-0.0930684146424715
79.0,0.05800446174506613,0.026845912701033876,0.026845912701033876
79.10000000000001,-0.0,0.2605741418035999,0.2605741418035999
79.2,0.0,0.8182570266449152,0.8182570266449152
79.30000000000001,-0.0,-0.6085111837641906,-0.6085111837641906
79.4,0.7793586590914799,0.3715522685088102,0.3715522685088102
79.5,-0.0,-0.435889960852712,-0.435889960852712
79.60000000000001,0.8936090210872807,0.08917286445212194,0.08917286445212194
79.7,-0.0,0.04778162507302364,0.04778162507302364
79.80000000000001,0.0,-0.6365844943908563,-0.6365844943908563
79.9,-0.3805529307437171,-0.1510049516322603,-0.1510049516322603
80.0,0.7513231100070827,0.6506288438637033,0.6506288438637033
80.10000000000001,-0.5269093758625754,0.5372333295994522,0.5372333295994522
80.2,0.16985685671253892,0.5220847588672723,0.5220847588672723
80.30000000000001,-0.0,-0.0023684446740276366,-0.0023684446740276366
80.4,0.0,-0.5865122329783695,-0.5865122329783695
80.5,-0.0,-0.7702062266651823,-0.7702062266651823
80.60000000000001,0.699923040834035,0.11611584743638963,0.11611584743638963
80.7,-0.0,0.5450434009230098,0.5450434009230098
80.80000000000001,0.0,-0.1937262457201197,-0.1937262457201197
80.9,-0.0,-0.46005719129869094,-0.46005719129869094
81.0,0.872556518613398,0.26534851986648844,0.26534851986648844
81.10000000000001,-0.0,-0.3266409993880458,-0.3266409993880458
81.2,0.0,-0.1603953158918015,-0.1603953158918015
81.30000000000001,-0.0,-0.6660948112489098,-0.6660948112489098
81.4,0.24528377940360557,-0.6355671970541117,-0.6355671970541117
81.5,-0.08870713052292856,0.12995247828690626,0.12995247828690626
81.60000000000001,0.0,0.6233518139723296,0.6233518139723296
81.7,-0.0,-1.0246887726834897,-1.0246887726834897
81.80000000000001,0.0,0.3552296026138267,0.3552296026138267
81.9,-0.0,-0.5676686431010738,-0.5676686431010738
82.0,0.0,-0.4297579939937164,-0.4297579939937164
82.10000000000001,-0.7604946596228558,0.22242922114765387,0.22242922114765387
82.2,0.0,-0.16259416478164754,-0.16259416478164754
82.30000000000001,-0.0,1.304765121827226,1.304765121827226
82.4,0.0,0.3218859794899305,0.3218859794899305
82.5,-0.0,1.128786711293937,1.128786711293937
82.60000000000001,0.2690236572304159,0.44962116246282247,0.44962116246282247
82.7,-0.2116735102079308,-0.5642708911064845,-0.5642708911064845
82.80000000000001,0.0,-0.38799914840673755,-0.38799914840673755
82.9,-0.9213544503814945,0.46899826187411087,0.46899826187411087
83.0,0.3224125192632489,-0.09924252413460435,-0.09924252413460435
83.10000000000001,-0.1181026530012056,0.04934525636993961,0.04934525636993961
83.2,0.0,0.5252035258734424,0.5252035258734424
83.30000000000001,-0.00021523866306050188,0.38575531838689125,0.38575531838689125
83.4,0.0,-0.9482054216319603,-0.9482054216319603
83.5,-0.0,-0.8577845719850468,-0.8577845719850468
83.60000000000001,0.4272002807043439,0.1139657755133566,0.1139657755133566
83.7,-0.8671359888090582,0.15593231055525283,0.15593231055525283
83.80000000000001,0.0,0.0362497218547488,0.0362497218547488
83.9,-0.0,-0.029155596857922128,-0.029155596857922128
84.0,0.0,0.1855821366787211,0.1855821366787211
84.10000000000001,-0.20496630650335512,0.08703735110317194,0.08703735110317194
84.2,0.5021867925705326,-0.6140159015584448,-0.6140159015584448
84.30000000000001,-0.0,-0.737988966164123,-0.737988966164123
84.4,0.9802886491663855,-0.26977459227677786,-0.26977459227677786
84.5,-0.12696157388136242,0.8363124459318017,0.8363124459318017
84.60000000000001,0.0,0.739169622310628,0.739169622310628
84.7,-0.0,-0.1844957521368762,-0.1844957521368762
84.80000000000001,0.0,-0.04590870220985277,-0.04590870220985277
84.9,-0.8067252830993815,0.06462102813486056,0.06462102813486056
85.0,0.950904090969473,-0.17494207917622312,-0.17494207917622312
85.10000000000001,-0.0,-0.8138106840368621,-0.8138106840368621
85.2,0.0,0.06290749628724984,0.06290749628724984
85.30000000000001,-0.9752019732483126,0.2508045872707342,0.2508045872707342
85.4,0.0,0.2931979591412607,0.2931979591412607
85.5,-0.0,0.38358432712486745,0.38358432712486745
85.60000000000001,0.575768521881319,-0.2960043200156628,-0.2960043200156628
85.7,-0.0,0.03807981794734813,0.03807981794734813
85.80000000000001,0.0,-0.4034230226996898,-0.4034230226996898
85.9,-0.27958630990714495,-0.5769227903955592,-0.5769227903955592
86.0,0.0,-0.5191624777766993,-0.5191624777766993
86.10000000000001,-0.0,0.739208871693659,0.739208871693659
86.2,0.9961794626169261,-0.1975758128401569,-0.1975758128401569
86.30000000000001,-0.0,0.5929202854037222,0.5929202854037222
86.4,0.0,0.20132601301881092,0.20132601301881092
86.5,-0.0,-9.031078854757763e-05,-9.031078854757763e-05
86.60000000000001,0.0,-1.0081090831018171,-1.0081090831018171
86.7,-0.43472636987290125,-0.14298677111888652,-0.14298677111888652
86.80000000000001,0.0,0.6078511732125248,0.6078511732125248
86.9,-0.9526948430589881,-0.26409681010218494,-0.26409681010218494
87.0,0.0,0.6094471477770176,0.6094471477770176
87.10000000000001,-0.23169742652207792,0.45199085680587503,0.45199085680587503
87.2,0.8373366627994091,-0.18676103348348466,-0.18676103348348466
87.30000000000001,-0.6208612882288631,-1.0098687535769006,-1.0098687535769006
87.4,0.1368954677795471,0.3527053038042218,0.3527053038042218
87.5,-0.0,-0.42655952128712393,-0.42655952128712393
87.60000000000001,0.8662180443050219,0.1993371222879386,0.1993371222879386
87.7,-0.38152889961174363,-0.6629052096421268,-0.6629052096421268
87.80000000000001,0.0461201754119307,-0.052330323624623504,-0.052330323624623504
87.9,-0.36821584056516177,0.4669870778168964,0.4669870778168964
88.0,0.021165944089854172,-0.043978416379354165,-0.043978416379354165
88.10000000000001,-0.0,-0.0035508374368265205,-0.0035508374368265205
88.2,0.22656578339292377,-0.5933391060471883,-0.5933391060471883
88.30000000000001,-0.0,-1.0627759333186046,-1.0627759333186046
88.4,0.0,-0.42005148961595834,-0.42005148961595834
88.5,-0.0,0.6518958366365084,0.6518958366365084
88.60000000000001,0.0,0.07185454425252279,0.07185454425252279
88.7,-0.0,0.16855897222263322,0.16855897222263322
88.80000000000001,0.0,-0.13287909205596424,-0.13287909205596424
88.9,-0.22142413795017835,-0.47958058236054446,-0.47958058236054446
89.0,0.0,0.38739207433242906,0.38739207433242906
89.10000000000001,-0.0,0.2841980935830505,0.2841980935830505
89.2,0.7150340299511838,-0.3651631283998854,-0.3651631283998854
89.30000000000001,-0.3458368861481639,-0.11518671595520005,-0.11518671595520005
89.4,0.6068115843267056,0.2117803986856363,0.2117803986856363
89.5,-0.6744967314794802,0.29309697826645176,0.29309697826645176
89.60000000000001,0.3779602878271445,0.8346145110173181,0.8346145110173181
89.7,-0.0,0.08104849835104996,0.08104849835104996
89.80000000000001,0.5519756287367665,-0.7097049440663344,-0.7097049440663344
89.9,-0.1901728321703412,-0.17329951212674657,-0.17329951212674657
90.0,0.0,0.602281651825383,0.602281651825383
90.10000000000001,-0.0,0.6508443951570189,0.6508443951570189
90.2,0.7621295145755963,0.29126114349386567,0.29126114349386567
90.30000000000001,-0.0,0.43045050156888187,0.43045050156888187
90.4,0.0,0.5452327481600678,0.5452327481600678
90.5,-0.0,0.35615267131987854,0.35615267131987854
90.60000000000001,0.0,0.825552809683689,0.825552809683689
90.7,-0.07394986891414657,0.8102056663023544,0.8102056663023544
90.80000000000001,0.5855637459350728,0.06391647436758643,0.06391647436758643
90.9,-0.0,1.0553825873669473,1.0553825873669473
91.0,0.36684231143016943,0.029343120350995067,0.029343120350995067
91.10000000000001,-0.6287601265103951,1.0252607672436982,1.0252607672436982
91.2,0.6887596993640214,-1.0641369826558815,-1.0641369826558815
91.30000000000001,-0.7304448169626826,0.7814936128401623,0.7814936128401623
91.4,0.0,-0.6024669129443204,-0.6024669129443204
91.5,-0.03678532927936318,-0.6457465243737676,-0.6457465243737676
91.60000000000001,0.0,0.8416913238694006,0.8416913238694006
91.7,-0.6396219732089439,-0.06743054529904766,-0.06743054529904766
91.80000000000001,0.13131272546081796,-0.8226411150527904,-0.8226411150527904
91.9,-0.30054199089786204,-0.0013919777378638282,-0.0013919777378638282
92.0,0.4526658679036748,0.16552883249107653,0.16552883249107653
92.10000000000001,-0.4517410306515173,-0.22288241775378737,-0.22288241775378737
92.2,0.0,-0.1346197177374081,-0.1346197177374081
92.30000000000001,-0.36409098469261425,0.05955788713400545,0.05955788713400545
92.4,0.7826787222917291,1.110420251252899,1.110420251252899
92.5,-0.49913616160675023,0.6017885131270618,0.6017885131270618
92.60000000000001,0.9666873559966387,-0.41302526482757784,-0.41302526482757784
92.7,-0.0,0.4507980185566912,0.4507980185566912
92.80000000000001,0.0,-0.873571244972649,-0.873571244972649
92.9,-0.0,-0.11391388298507144,-0.11391388298507144
93.0,0.4685251442291919,-0.0010492506110212352,-0.0010492506110212352
93.10000000000001,-0.0,-0.36276869662711403,-0.36276869662711403
93.2,0.13159000181542968,0.05305759127714109,0.05305759127714109
93.30000000000001,-0.0,0.012589862093238105,0.012589862093238105
93.4,0.0,0.8811289062135224,0.8811289062135224
93.5,-0.8586904351406265,-0.3755798702973386,-0.3755798702973386
93.60000000000001,0.2873741662622127,0.4544451397309497,0.4544451397309497
93.7,-0.29439455832591455,0.025811727762091202,0.025811727762091202
93.80000000000001,0.5777139760358314,0.09066357046728352,0.09066357046728352
93.9,-0.7335142637056419,-0.07965141292693567,-0.07965141292693567
94.0,0.0,-0.10135394781873865,-0.10135394781873865
94.10000000000001,-0.5483868986708841,0.01904782282069993,0.01904782282069993
94.2,0.0,0.8866891023827491,0.8866891023827491
94.30000000000001,-0.6499589430253679,0.7588684798620835,0.7588684798620835
94.4,0.0,-0.7982827314001288,-0.7982827314001288
94.5,-0.38955338030539954,0.2070652509362763,0.2070652509362763
94.60000000000001,0.2911054143032157,0.027676584641575824,0.027676584641575824
94.7,-0.0,0.1162466971394339,0.1162466971394339
94.80000000000001,0.0,0.2338002723398397,0.2338002723398397
94.9,-0.8692521771268005,0.8979584118317738,0.8979584118317738
95.0,0.5358190662312682,-0.014524328240020923,-0.014524328240020923
95.10000000000001,-0.0,0.8099664740737248,0.8099664740737248
95.2,0.08906168790677915,-0.2174985914390022,-0.2174985914390022
95.30000000000001,-0.17982594288510068,0.08126579889294328,0.08126579889294328
95.4,0.0,0.08531943396604408,0.08531943396604408
95.5,-0.0,0.8493538257942116,0.8493538257942116
95.60000000000001,0.0,0.5518047430657866,0.5518047430657866
95.7,-0.0,-0.07287314242239681,-0.07287314242239681
95.80000000000001,0.7406072200288705,0.21065064104717893,0.21065064104717893
95.9,-0.3682521029334508,0.4870507088634772,0.4870507088634772
96.0,0.38951943568107805,-1.125136706759152,-1.125136706759152
96.10000000000001,-0.0,-0.7242194519421996,-0.7242194519421996
96.2,0.3487426284775432,-0.5434907778339612,-0.5434907778339612
96.30000000000001,-0.0,0.8997523618610344,0.8997523618610344
96.4,0.0,-0.08434639612330855,-0.08434639612330855
96.5,-0.0,-0.17703690957759444,-0.17703690957759444
96.60000000000001,0.8595209367019334,0.283968468597388,0.283968468597388
96.7,-0.8719902210692362,-0.02969068762096043,-0.02969068762096043
96.80000000000001,0.2471780061527289,0.9495572022796299,0.9495572022796299
96.9,-0.7816866669469908,-1.5504413429684958,-1.5504413429684958
97.0,0.0,-0.639146011407557,-0.639146011407557
97.10000000000001,-0.0,-0.5703444256599393,-0.5703444256599393
97.2,0.5705929058091435,0.13723706807829456,0.13723706807829456
97.30000000000001,-0.5039181110841044,0.32101115653742396,0.32101115653742396
97.4,0.8579055912701314,0.30426072292786965,0.30426072292786965
97.5,-0.0,0.038648073216194956,0.038648073216194956
97.60000000000001,0.0,0.7333751861957214,0.7333751861957214
97.7,-0.0,-0.8338562955383503,-0.8338562955383503
97.80000000000001,0.3610666131591539,0.452269695626115,0.452269695626115
97.9,-0.5928713453153414,0.7740223429738525,0.7740223429738525
98.0,0.0,-0.6932812280458555,-0.6932812280458555
98.10000000000001,-0.015212354760502533,0.3139105428230996,0.3139105428230996
98.2,0.3951031306081364,0.5529273038140352,0.5529273038140352
98.30000000000001,-0.8214009888187869,0.03613457047609486,0.03613457047609486
98.4,0.0,-0.3678858179769704,-0.3678858179769704
98.5,-0.8781881572608542,0.4320766433101134,0.4320766433101134
98.60000000000001,0.0,0.0863239832832134,0.0863239832832134
98.7,-0.2603089399245718,-0.4588816258083669,-0.4588816258083669
98.80000000000001,0.6836222936133457,0.32803973655957613,0.32803973655957613
98.9,-0.0,-0.48753938080722936,-0.48753938080722936
99.0,0.0,0.062050920199469124,0.062050920199469124
99.10000000000001,-0.3369056598927921,-0.3066231184696447,-0.3066231184696447
99.2,0.7123793501820632,-0.4056793294139919,-0.4056793294139919
99.30000000000001,-0.0,-0.7373818007767603,-0.7373818007767603
99.4,0.0,-0.7929789864130877,-0.7929789864130877
99.5,-0.0,1.1290159975347502,1.1290159975347502
99.60000000000001,0.34718083560202606,-0.4826296058265561,-0.4826296058265561
99.7,-0.0,0.330847115994939,0.330847115994939
99.80000000000001,0.0,-0.04269247182318303,-0.04269247182318303
99.9,-0.0,-0.4995806561619424,-0.4995806561619424
100.0,0.0,-0.09974978181024595,-0.09974978181024595
